<?xml version="1.0" encoding="UTF-8" standalone="yes"?>
<apartments>
    <apartment>
        <ToaNha>1</ToaNha>
        <CanHo>dương nội 1</CanHo>
        <DienTich>1200.0</DienTich>
        <luaChon_tienIch>Điều hoà</luaChon_tienIch>
        <luaChon_dichVu>Dịch vụ dọn dẹp định kỳ</luaChon_dichVu>
        <giaTien>1000000.0</giaTien>
        <thongTinNguoiThue>Thắng</thongTinNguoiThue>
        <tinhTrang>true</tinhTrang>
    </apartment>
    <apartment>
        <ToaNha>2</ToaNha>
        <CanHo>Dương nội 2</CanHo>
        <DienTich>1250.0</DienTich>
        <luaChon_tienIch>Điều hoà, Nóng lạnh, Tivi</luaChon_tienIch>
        <luaChon_dichVu>Dịch vụ dọn dẹp định kỳ</luaChon_dichVu>
        <giaTien>2000000.0</giaTien>
        <thongTinNguoiThue>Trường</thongTinNguoiThue>
        <tinhTrang>true</tinhTrang>
    </apartment>
    <apartment>
        <ToaNha>3</ToaNha>
        <CanHo>kiến hưng</CanHo>
        <DienTich>1000.0</DienTich>
        <luaChon_tienIch>Điều hoà, Nóng lạnh, Tivi, Máy sưởi</luaChon_tienIch>
        <luaChon_dichVu>Phòng Gym</luaChon_dichVu>
        <giaTien>3500000.0</giaTien>
        <thongTinNguoiThue>Linh</thongTinNguoiThue>
        <tinhTrang>false</tinhTrang>
    </apartment>
</apartments>
